{"total_price": 1628133570, "min_price": 100139, "max_price": 999964, "mean_price": 545987.1126760563, "median_price": 539975.0, "std_price": 258160.92603039666, "label_frequencies": {"Shoes": 179, "Socks": 208, "Shirt": 199, "T-shirt": 165, "Hat": 189, "Skirt": 197, "Gloves": 161, "Handbags": 178, "Umbrellas": 176, "Jacket": 186, "Blouse": 184, "Sweater": 200, "Belts": 167, "Jeans": 197, "Pants": 207, "Dress": 189}}