{"total_radius": 244775076687.0, "min_radius": 1722147.0, "max_radius": 999635827.0, "mean_radius": 490531215.8056112, "median_radius": 474328871.0, "std_radius": 291197380.6961776, "label_frequencies": {"Дева": 45, "Скорпион": 37, "Стрелец": 51, "Козерог": 45, "Овен": 43, "Рыбы": 46, "Близнецы": 25, "Лев": 38, "Водолей": 44, "Рак": 46, "Телец": 51, "Весы": 28}}