{
    "sum": 6724202.492000178,
    "avg": 120.1351120560312,
    "min": 60.019,
    "max": 210.851
}