{"P": 0.5114942528735632, "H": 0.4885057471264368}