{"sum": 399676.0, "avr": 548.2524005486969, "sumMD": 30066.0, "avrMD": 1113.5555555555557, "sumSD": 0.0, "avrSD": 0.0, "max": 998.0, "min": 100.0}