{"air_time1": {"min": 65, "max": 109965, "mean": 5664.166666666667, "sum": 985565.0, "std": 12653.772746407547}, "paper_time1": {"min": 805, "max": 46120, "mean": 5800.373563218391, "sum": 1009265.0, "std": 4479.07766279564}, "air_time2": {"min": 325, "max": 96485, "mean": 6653.293103448276, "sum": 1157673.0, "std": 10500.209062067279}, "gmrt_in_air1": {"min": 28, "max": 1168, "mean": 297.6666848141954, "sum": 51794.00315767, "std": 183.94318138022626}, "num_of_pendown2": {"min": 0, "max": 36, "mean": 3.5919540229885056, "sum": 625.0, "std": 4.115407912575768}}